id,title,slug,category,author,coverImage,thumbnail,subcategory,tags,ogTitle,ogDescription,ogImage,excerpt,content,published,publishedAt,scheduledAt,coverAlt,thumbnailAlt,createdAt,updatedAt,pinned,pinnedAt
1,Crypto’s Greatest PR Campaign: Why Declaring Bitcoin Dead Keeps It Alive,crypto-s-greatest-pr-campaign-why-declaring-bitcoin-dead-keeps-it-alive,Opinions,Sanki King,/uploads/1756078037222-20250825_0341_Bitcoin's-Resilient-Revival_simple_compose_01k3f3svwfej08yv5qrwrqs4b5.png,/uploads/1756078028366-20250825_0341_Bitcoin's-Resilient-Revival_simple_compose_01k3f3svwfej08yv5qrwrqs4b5.png,,"[""longlivebitcoin""]",,,,"If Bitcoin had a marketing department, it couldn’t have scripted a better funnel than the never-ending cycle of “Bitcoin is dead” headlines. Each obituary triggers outrage, sharing, and fresh attention from audiences that weren’t paying attention yesterday.","<article id=""bitcoin-pr-campaign"">
      <div class=""tag"">Opinion</div>
      <div class=""tag"">Narratives</div>
      <h2 class=""articleH2"">Crypto’s Greatest PR Campaign: Why Declaring Bitcoin Dead Keeps It Alive</h2>
      <div class=""meta"">
        <div>Published: Aug&nbsp;25,&nbsp;2025</div>
        <div>Reading time: ~4 min</div>
      </div>
      <p class=""lede"">
        If Bitcoin had a marketing department, it couldn’t have scripted a better funnel than the
        never-ending cycle of “Bitcoin is dead” headlines. Each obituary triggers outrage, sharing, and fresh attention from audiences that weren’t paying attention yesterday.
      </p>

      <div class=""subhead"">The Streisand Effect at Work</div>
      <p>
        The phenomenon is a textbook case of the <em>Streisand effect</em>: efforts to dismiss or bury something
        inadvertently publicize it. Every viral takedown rehearses the core talking points—scarcity, decentralization,
        censorship resistance—and brings new readers to explanatory content. 
      </p>

      <div class=""subhead"">Volatility as Narrative Fuel</div>
      <p>
        Bitcoin’s resilience compounds this effect. Price drawdowns make for dramatic headlines, but the network’s
        operational continuity rarely stops. That contrast—<em>volatile price, durable rails</em>—creates narrative tension, keeping Bitcoin in the spotlight.
      </p>

      <div class=""callout"">
        Obituaries are anti-fragile fuel. Each “death” raises the baseline of public literacy about how Bitcoin
        actually works—and why it keeps returning to the front page.
      </div>

      <div class=""subhead"">Cycles of Doom and Revival</div>
      <p>
        During macro stress, when liquidity tightens, declarations of doom multiply. In response, long-term holders surface metrics like <strong>self-custody growth</strong> and <strong>supply dormancy</strong>, contextualizing volatility as temporary noise in a long arc of adoption.
      </p>

      <div class=""subhead"">The Limits of Memetics</div>
      <p>
        Memes can’t replace utility or protect against regulatory shocks, but they do subsidize awareness. Ironically, the loudest skeptics become distribution partners for the very system they doubt.
      </p>

      <p class=""foot"">
        Bottom line: Bitcoin doesn’t just survive its obituaries; it metabolizes them into reach, literacy, and recruitment.
      </p>
    </article>",false,,,,,2025-08-24 23:33:44.077427+00,2025-08-24 23:33:44.077427+00,false,
2,Crypto’s Greatest PR Campaign: Why Declaring Bitcoin Dead Keeps It Alive,crypto-pr-campaign,Opinions,Cointist,,,Narratives,,,,,"If Bitcoin had a marketing department, it couldn't have scripted a better funnel: the never-ending cycle of 'Bitcoin is dead' headlines fuels awareness and recruitment.","
<div class=""tag"">Opinion</div>
<div class=""tag"">Narratives</div>
<h2>Crypto’s Greatest PR Campaign: Why Declaring Bitcoin Dead Keeps It Alive</h2>
<div class=""meta""><div>Published: Aug 25, 2025</div><div>Reading time: ~4 min</div></div>
<p class=""lede"">If Bitcoin had a marketing department, it couldn't have scripted a better funnel than the never-ending cycle of ""Bitcoin is dead"" headlines. Each obituary triggers outrage, sharing, and fresh attention from audiences that weren't paying attention yesterday.</p>
<h3 class=""subhead"">The Streisand Effect at Work</h3>
<p>The phenomenon is a textbook case of the <em>Streisand effect</em>: efforts to dismiss or bury something inadvertently publicize it. Every viral takedown rehearses the core talking points—scarcity, decentralization, censorship resistance—and brings new readers to explanatory content.</p>
<h3 class=""subhead"">Volatility as Narrative Fuel</h3>
<p>Bitcoin's resilience compounds this effect. Price drawdowns make for dramatic headlines, but the network's operational continuity rarely stops. That contrast—<em>volatile price, durable rails</em>—creates narrative tension, keeping Bitcoin in the spotlight.</p>
<div class=""callout"">Obituaries are anti-fragile fuel. Each ""death"" raises the baseline of public literacy about how Bitcoin actually works—and why it keeps returning to the front page.</div>
<h3 class=""subhead"">Cycles of Doom and Revival</h3>
<p>During macro stress, when liquidity tightens, declarations of doom multiply. In response, long-term holders surface metrics like <strong>self-custody growth</strong> and <strong>supply dormancy</strong>, contextualizing volatility as temporary noise in a long arc of adoption.</p>
<h3 class=""subhead"">The Limits of Memetics</h3>
<p>Memes can't replace utility or protect against regulatory shocks, but they do subsidize awareness. Ironically, the loudest skeptics become distribution partners for the very system they doubt.</p>
<p class=""foot"">Bottom line: Bitcoin doesn’t just survive its obituaries; it metabolizes them into reach, literacy, and recruitment.</p>
",false,2025-08-25 09:33:06.002+00,,,,2025-08-25 09:33:07.553408+00,2025-08-25 09:33:07.553408+00,true,
3,Remittances 2.0: How Mexico Became Ground Zero for Crypto’s Real Adoption Story,remittances-mexico,Adoption,Cointist,,,Payments,,,,,"The U.S.–Mexico remittance corridor is the world’s largest by volume, making it the perfect proving ground for crypto rails where speed, cost and UX matter.","
<div class=""tag"">Adoption</div>
<div class=""tag"">Payments</div>
<h2>Remittances 2.0: How Mexico Became Ground Zero for Crypto’s Real Adoption Story</h2>
<div class=""meta""><div>Published: Aug 25, 2025</div><div>Reading time: ~4–5 min</div></div>
<p class=""lede"">The U.S.–Mexico remittance corridor is the world’s largest by volume. That makes it the perfect proving ground for crypto rails—where seconds matter, fees are felt, and user experience wins or loses customers.</p>
<p class=""foot"">Mexico is the testbed for crypto’s most credible utility: moving money for real people, on real deadlines.</p>
",true,2025-08-25 09:33:06.002+00,,,,2025-08-25 09:33:07.87606+00,2025-08-25 09:33:07.87606+00,true,
4,"Liquidity Wars: Exchanges, Custodians, and the Silent Battle for Institutional Crypto",liquidity-wars,Markets,Cointist,,,Institutions,,,,,"The contest for institutional crypto is won by the platform that fuses execution depth, custody safety, and capital efficiency.","
<div class=""tag"">Markets</div>
<div class=""tag"">Institutions</div>
<h2>Liquidity Wars: Exchanges, Custodians, and the Silent Battle for Institutional Crypto</h2>
<div class=""meta""><div>Published: Aug 25, 2025</div><div>Reading time: ~4–5 min</div></div>
<p class=""lede"">In crypto, everyone sells liquidity—but not the same kind. Exchanges sell depth, custodians sell safety, and prime brokers promise efficiency. The real contest lies in who can fuse all three for institutional players.</p>
<p class=""foot"">The franchise that fuses depth, transparency, and efficiency will define the next cycle of crypto markets.</p>
",true,2025-08-25 09:33:06.002+00,,,,2025-08-25 09:33:08.116357+00,2025-08-25 09:33:08.116357+00,true,
14,ETH Touched $4K — Flippening or Bull Trap?,eth-touched-4k-flippening-or-bull-trap,News,Cointist,/uploads/1755798307443-footer-left-img.png,"/uploads/1755884693984-ChatGPT-Image-Aug-11,-2025,-05_07_15-AM.png",,"[""DD""]",,,,RRR,"<h2 class=""articleH2"">RR</h2>",true,2025-08-23 00:00:00+00,,,,2025-08-21 00:00:00+00,2025-08-24 00:00:00+00,false,
22,Regulators Turn to High-Tech Tools to Fight AI-Driven Crypto Scams,regulators-ai-scams,News,Cointist,/assets/article-22-pexels-7567537-blockchain-analytics-1200w.jpg,/assets/article-22-pexels-7567537-blockchain-analytics-96sq.jpg,Latest,"[""regulation"",""security"",""ai""]",,,,"Regulators are deploying AI, blockchain analytics and cross-border cooperation to detect and disrupt AI-powered crypto fraud.","
  <h2 class=""articleH2"">Regulators Turn to High-Tech Tools to Fight AI-Driven Crypto Scams</h2>
  <p>As generative AI and automation make scams faster and more convincing, regulators are updating their toolkits. Instead of relying only on manual enforcement, authorities are adopting AI-driven detection, enhanced blockchain analytics, and international information-sharing arrangements to spot and disrupt illicit activity at scale.</p>

  <h3 class=""articleH3"">Detection at scale</h3>
  <p>Modern detection pipelines combine supervised machine learning with heuristics tailored to blockchain behavior. Models are trained on labeled incidents — phishing campaigns, pump-and-dump coordination, rug-pull token launches — and then used to flag anomalous wallet patterns and rapid token movements. Layering on-chain graph analytics lets investigators trace funds across bridges and mixers, while natural language classifiers surface coordinated social amplification and AI-generated content that impersonates trusted accounts.</p>

  <h3 class=""articleH3"">Collaboration is key</h3>
  <p>Public-private partnerships are central to operational success. Exchanges and analytics vendors contribute telemetry and labeled event data that help train detection models, while regulators provide enforcement mechanisms and legal authority. This collaboration shortens the window between detection and action — for example, freezing deposit rails tied to a scam or issuing emergency takedown notices for malicious domains and smart contracts.</p>

  <h3 class=""articleH3"">Practical challenges</h3>
  <p>Despite progress, several obstacles remain. Bad actors use increasingly sophisticated obfuscation: cross-chain bridges, transient domains, privacy-preserving mixers, and decentralized social channels. AI-generated content complicates attribution, as models can produce multilingual phishing messages that scale instantly. Detection systems must therefore balance sensitivity and false positives to avoid disrupting legitimate activity.</p>

  <h3 class=""articleH3"">Policy and safeguards</h3>
  <p>Policymakers are responding with a mix of stronger KYC/AML expectations, clearer rules around token listings, and frameworks that encourage information sharing across jurisdictions. At the same time, regulators must be mindful of civil liberties and ensure detection tools have transparency, auditability, and proper human review to prevent wrongful takedowns.</p>

  <h3 class=""articleH3"">What firms should do</h3>
  <p>Market participants can mitigate risk by implementing layered defenses: reputable custody solutions, multi-signature controls, pre-launch audits, and real-time transaction monitoring. Firms should also invest in IR playbooks and coordinate with analytics providers to stay ahead of evolving scam techniques. While regulators race to keep pace, proactive defenses remain the most reliable shield for businesses and consumers.</p>
",true,2025-08-24 00:00:00+00,,,,2025-08-23 00:00:00+00,2025-08-24 00:00:00+00,false,
23,Ethereum's Momentum Brings Practical Gains for Small Businesses,ethereum-small-businesses,News,Cointist,/assets/article-23-pexels-14902679-ethereum-payments-1200w.jpg,/assets/article-23-pexels-14902679-ethereum-payments-96sq.jpg,Latest,"[""ethereum"",""adoption"",""layer2""]",,,,"Layer 2 scaling, cheaper fees and better tooling are enabling practical Ethereum use cases for small merchants and service providers.","
  <h2 class=""articleH2"">Ethereum’s Momentum Brings Practical Gains for Small Businesses</h2>
  <p>As Ethereum’s ecosystem matures and scaling improvements lower friction, an increasing number of small businesses are finding practical, revenue-enhancing use cases on the network. From payments and loyalty programs to tokenized services and simpler contracts, the platform’s Layer 2 expansion and developer tools are turning theoretical promises into real-world applications.</p>

  <h3 class=""articleH3"">Scaling unlocks payments</h3>
  <p>Key factors driving adoption include faster settlement on Layer 2s, cheaper transaction fees, and more accessible developer tooling. Businesses that once balked at high gas costs can now deploy stable-payment rails using optimistic rollups and zk-rollups, enabling near-instant settlement on microtransactions and subscription billing. Payment processors integrating L2 rails offer merchants predictable pricing and simplified UX, letting customers pay in crypto with minimal volatility exposure.</p>

  <h3 class=""articleH3"">New loyalty models</h3>
  <p>Tokenized rewards and NFT-based memberships allow small merchants to create sticky incentives that are transferable and verifiable on-chain. For service businesses, simple smart contracts automate milestone payments and escrow, reducing disputes and administrative overhead. Meanwhile, open-source templates and audit services lower the technical barrier for building reliable contracts.</p>

  <h3 class=""articleH3"">Operational caveats</h3>
  <p>Businesses must still manage volatility exposure, UX complexity for non-crypto-savvy customers, and regulatory compliance. Practical mitigations include instant fiat settlement rails, custodial wallets with familiar onboarding flows, and compliant token issuance aligned with local law. Accounting and tax tools are also evolving to help small businesses report crypto activity accurately.</p>

  <h3 class=""articleH3"">Bottom line</h3>
  <p>Ethereum’s nearer-term value for small businesses is not speculative token gains but improved efficiency and new customer-engagement models. As the network’s scaling stack and regulatory clarity advance, expect a wave of pragmatic pilots — local retailers, subscription services, and B2B suppliers — that convert blockchain features into measurable business outcomes.</p>
",true,2025-08-24 00:00:00+00,,,,2025-08-23 00:00:00+00,2025-08-24 00:00:00+00,true,2025-08-24 00:00:00+00
24,AI + Smart Contracts: Legal Risks and What Businesses Should Do,ai-smart-contracts-legal,News,Cointist,/assets/article-24-pexels-8370345-smart-contracts-1200w.jpg,/assets/article-24-pexels-8370345-smart-contracts-96sq.jpg,Latest,"[""ai"",""legal"",""smart-contracts""]",,,,"The combination of AI and smart contracts creates legal complexity around liability, enforceability and compliance.","
  <h2 class=""articleH2"">AI + Smart Contracts: Legal Risks and What Businesses Should Do</h2>
  <p>The intersection of artificial intelligence and smart contracts introduces powerful automation but also raises complex legal questions. When AI systems generate contract terms, trigger actions, or feed oracles that drive on-chain execution, issues of liability, enforceability, intellectual property, and regulatory compliance come sharply into focus.</p>

  <h3 class=""articleH3"">Contract formation and intent</h3>
  <p>Traditional contract law hinges on intent, offer, and acceptance. When a model autonomously crafts terms or executes actions, courts will need to determine whether the parties intended to be bound and whether the automated outputs meet the legal standard for a contract. Parties can reduce ambiguity by drafting umbrella agreements that define how AI-generated artifacts should be interpreted and what constitutes final acceptance.</p>

  <h3 class=""articleH3"">Liability and fault allocation</h3>
  <p>If an AI-driven oracle provides faulty data that triggers a large on-chain transfer, who bears responsibility? Reasonable allocation of risk through contractual warranties, indemnities, and robust error-handling clauses is vital. Businesses should maintain logs, version controls, and human-in-the-loop checkpoints for high-value flows.</p>

  <h3 class=""articleH3"">IP, provenance and licensing</h3>
  <p>Using third-party models without proper licensing can expose a project to infringement claims. If models are trained on proprietary datasets, outputs may carry rights or confidentiality obligations. Clear licensing, provenance records, and data governance policies are essential defensive measures.</p>

  <h3 class=""articleH3"">Regulatory compliance</h3>
  <p>Anti-money laundering, consumer protection and securities law can apply depending on how automated tokens or financial instruments operate. Engage legal counsel early, perform risk assessments, and consider independent audits of both smart contracts and the AI systems that influence them.</p>

  <h3 class=""articleH3"">Practical steps</h3>
  <p>Recommended steps include: formalize governance playbooks with human override procedures; draft explicit contractual frameworks allocating risk and specifying oracle behavior; adopt comprehensive logging and explainability where possible; and secure regular audits and insurance coverage for systemic risks. These measures create operational and legal guardrails for innovation at the AI–smart-contract frontier.</p>
",true,2025-08-23 00:00:00+00,,,,2025-08-23 00:00:00+00,2025-08-24 00:00:00+00,true,2025-08-23 00:00:00+00
25,Macro Fears and Sky-High Crypto Forecasts: Parsing the Narrative,macro-crypto-forecasts,News,Cointist,/assets/article-25-pexels-7111593-macro-finance-1200w.jpg,/assets/article-25-pexels-7111593-macro-finance-96sq.jpg,Latest,"[""macro"",""bitcoin"",""markets""]",,,,"Macro uncertainty fuels optimistic crypto forecasts, but converting macro stress into sustainable price gains depends on liquidity, regulation and market structure.","
  <h2 class=""articleH2"">Macro Fears and Sky-High Crypto Forecasts: Parsing the Narrative</h2>
  <p>Recent headlines predicting extreme crypto rallies amid fears of a collapsing fiat dollar reflect a familiar dynamic: macro uncertainty amplifies speculative narratives. While an erosion of confidence in major currencies would likely push some capital into alternative stores of value, the path from broad macro stress to specific multi-hundred-percent gains is neither direct nor guaranteed.</p>

  <h3 class=""articleH3"">What drives the macro-to-crypto flow?</h3>
  <p>Macro scenarios that drive interest in crypto include persistent inflation, severe fiscal strain, or dramatic shifts in monetary policy that reduce fiat purchasing power. However, the mechanism that converts macro pressure into price increases depends on regulatory responses, on- and off-ramp liquidity, institutional flows, and whether crypto markets remain accessible and trusted during systemic stress.</p>

  <h3 class=""articleH3"">The role of institutions</h3>
  <p>Institutional participation can amplify moves. Large funds and ETFs can channel significant capital quickly; a reallocation by pensions or sovereign funds could materially affect prices. Yet institutional flows also bring scrutiny, compliance demands, and potential sell-side liquidity during stress. Crypto markets’ structure — with leverage, concentrated venues, and cross-border bridges — can create outsized volatility rather than stable appreciation.</p>

  <h3 class=""articleH3"">Interpreting bold price targets</h3>
  <p>Analysts who cite astronomical price targets often blend macro thesis with optimistic adoption curves and simplistic supply assumptions. A prudent interpretation separates the macro catalyst from execution risk. Investors should weigh how readily they can convert fiat to crypto and back, what custody protections exist, and how robust the legal framework is in their jurisdiction.</p>

  <h3 class=""articleH3"">Practical risk management</h3>
  <p>Risk management matters more than headline-grabbing forecasts. Diversification, position sizing, stop-loss discipline, and an explicit liquidity plan are practical defenses. For institutions and retail investors alike, the reasonable approach is to monitor macro indicators, stress-test portfolios for extreme outcomes, and avoid treating any single forecast as certainty.</p>
",true,2025-08-24 00:00:00+00,,,,2025-08-23 00:00:00+00,2025-08-24 00:00:00+00,true,2025-08-24 00:00:00+00
31,Regulatory Authorities Intensify Efforts to Combat AI-Powered Crypto Fraud,regulatory-authorities-intensify-efforts-to-combat-ai-powered-crypto-fraud,News,Cointist,/assets/article-31-pexels-33546829-authorities-1200w.jpg,/assets/article-31-pexels-33546829-authorities-96sq.jpg,Latest,"[""regulation""]",,,,"As the cryptocurrency market evolves, so do the threats posed by sophisticated fraud schemes powered by artificial intelligence. Regulators worldwide are ramping up their strategies to combat these high-tech scams, which have become a significant concern for investors and financial institutions alike.","<h2 class=""articleH2"">Regulatory Authorities Intensify Efforts to Combat AI-Powered Crypto Fraud</h2><p>As the cryptocurrency market evolves, so do the threats posed by sophisticated fraud schemes powered by artificial intelligence. Regulators worldwide are ramping up their strategies to combat these high-tech scams, which have become a significant concern for investors and financial institutions alike.</p><h3 class=""articleH3"">The Rise of AI in Crypto Fraud</h3><p>Artificial intelligence has enabled fraudsters to develop more intricate and deceptive tactics to swindle unsuspecting investors. From creating convincing fake personas to generating misleading project information, the capabilities of AI pose a serious challenge in the battle against crypto-related scams. These innovations have made it easier for scammers to carry out intricate schemes that can deceive even seasoned investors.</p><h3 class=""articleH3"">Global Regulatory Response</h3><p>In response to the growing threats, regulatory bodies across the globe have initiated new measures to enhance oversight of the cryptocurrency sector. Authorities are leveraging technology to better detect and prevent fraudulent activities while aiming to establish clear guidelines that govern the use of AI in financial transactions. These regulations are designed to foster a safer environment for cryptocurrency trading by holding scammers accountable for their actions.</p><h3 class=""articleH3"">Investor Education and Awareness</h3><p>Besides implementing stricter regulations, educating investors about the risks associated with AI-driven scams is crucial. Regulatory agencies are actively disseminating information that helps individuals recognize potential red flags and avoid falling victim to such schemes. Increased awareness about how to identify legitimate investment opportunities versus fraudulent ones is essential for protecting the interests of investors.</p><h3 class=""articleH3"">Looking Ahead</h3><p>The fight against AI-enhanced crypto scams is ongoing, and as technology evolves, so will the methods employed by both regulators and fraudsters. It is imperative for regulatory agencies to stay ahead of the curve, utilizing advanced technology and proactive strategies to safeguard the cryptocurrency ecosystem. Ensuring investor confidence will be key to the sustainable growth of the digital currency market.</p><p></p>",true,2025-08-24 00:00:00+00,,,,2025-08-23 00:00:00+00,2025-08-24 00:00:00+00,true,2025-08-24 00:00:00+00
33,Ethereum Reaches New Heights: Small Businesses Reap the Benefits,ethereum-reaches-new-heights-small-businesses-reap-the-benefits,News,Cointist,/assets/article-33-pexels-33517345-businesses-1200w.jpg,/assets/article-33-pexels-33517345-businesses-96sq.jpg,Latest,"[""ETH""]",,,,"As Ethereum approaches significant peaks in its market performance, small businesses are beginning to see tangible benefits from the cryptocurrency's growing adoption. The latest developments indicate that cryptocurrencies are not only tools for speculation but are becoming integral to everyday financial transactions.","<p></p><h2 class=""articleH2"">Ethereum Reaches New Heights: Small Businesses Reap the Benefits</h2><p>As Ethereum approaches significant peaks in its market performance, small businesses are beginning to see tangible benefits from the cryptocurrency's growing adoption. The latest developments indicate that cryptocurrencies are not only tools for speculation but are becoming integral to everyday financial transactions.</p><h3 class=""articleH3"">Small Businesses Embrace Cryptocurrency</h3><p>In recent weeks, an increasing number of small enterprises have started integrating Ethereum into their payment systems. This shift reflects a broader trend of cryptocurrencies gaining practical value beyond mere investment vehicles. With Ethereum’s capabilities, particularly its smart contract functionality, businesses are finding more efficient ways to conduct transactions, streamline operations, and enhance customer offerings.</p><h3 class=""articleH3"">Ethereum's Progression and Practical Value</h3><p>The continuous advancement of Ethereum's technology has played a crucial role in its appeal. Recent upgrades have improved transaction speeds and reduced fees, making it more accessible to smaller businesses. The greater usability of Ethereum lays the groundwork for its acceptance not just as a speculative asset but as a viable means of payment.</p><h3 class=""articleH3"">The Future of Cryptocurrency in Commerce</h3><p>Looking ahead, the intersection of cryptocurrency and small businesses is expected to deepen. As more companies adopt Ethereum, it promotes a cycle of innovation and integration within the marketplace. The potential for cryptocurrencies to influence commerce is immense, paving the way for new business models and opportunities. Enthusiasts and businesses alike are optimistic about the ongoing evolution of Ethereum and its implications in the financial ecosystem.</p><p>In conclusion, with Ethereum's market cap reaching unprecedented levels, small businesses are in a prime position to leverage its advantages. The ongoing developments in the cryptocurrency space suggest that practical use cases will continue to expand, making digital currencies an essential part of the future of business operations.</p><p> ```</p>",true,2025-08-23 00:00:00+00,,,,2025-08-23 00:00:00+00,2025-08-24 00:00:00+00,false,
34,The Intersection of AI and Smart Contracts: Navigating Legal Terrain in Crypto,the-intersection-of-ai-and-smart-contracts-navigating-legal-terrain-in-crypto,News,Cointist,/assets/article-34-pexels-1044329-intersection-1200w.jpg,/assets/article-34-pexels-1044329-intersection-96sq.jpg,Latest,"[""AI""]",,,,How will AI change the future of smart contracts?,"```html

    <h2 class=""articleH2"">The Intersection of AI and Smart Contracts: Navigating Legal Terrain in Crypto</h2>
    <p><em>By Cointist</em></p>
    
    <p>The emergence of artificial intelligence (AI) has redefined various sectors, including the realm of cryptocurrencies. As smart contracts become increasingly integral to blockchain technology, understanding their legal implications in conjunction with AI is vital for navigating the evolving digital landscape.</p>
    
    <h3 class=""articleH3"">Understanding Smart Contracts</h3>
    <p>Smart contracts are self-executing agreements where the terms are directly written into lines of code. They operate on decentralized networks, primarily blockchain, allowing for automated transactions without the need for intermediaries. This automation promises efficiency and trustworthiness, yet it also introduces a myriad of legal challenges.</p>
    
    <h3 class=""articleH3"">Legal Framework Challenges</h3>
    <p>The integration of AI within smart contracts raises important questions about liability and accountability. Who is responsible if an AI system makes an erroneous decision based on faulty data? The answer to this question is not straightforward, as traditional legal frameworks were not designed to address the complexities introduced by AI technologies.</p>

    <h3 class=""articleH3"">Data Privacy Concerns</h3>
    <p>Moreover, with increased reliance on AI comes the responsibility of handling sensitive data. Smart contracts must comply with various data privacy regulations, such as the General Data Protection Regulation (GDPR) in Europe. The challenge lies in ensuring that the information used by AI systems is managed in a legally compliant manner while maintaining the transparency that blockchain technology provides.</p>

    <h3 class=""articleH3"">Future Considerations</h3>
    <p>As the relationship between AI and smart contracts continues to evolve, legal authorities worldwide are urged to adapt to these changes. The creation of guidelines and regulatory frameworks will be essential to address the unique challenges posed by the intersection of these two innovative technologies. This proactive approach can ensure the protection of users while fostering the innovation that cryptocurrencies bring to the market.</p>

    <p>In conclusion, while AI-powered smart contracts hold significant potential to transform how we engage in transactions, they also present complex legal hurdles. Stakeholders must work collaboratively to establish the necessary legal foundations to support this rapidly changing environment.</p>

```",true,2025-08-23 00:00:00+00,,,,2025-08-23 00:00:00+00,2025-08-24 00:00:00+00,false,
36,The Illusion of Liquidity: Why Crypto Markets Aren’t as Deep as They Seem,the-illusion-of-liquidity-why-crypto-markets-aren-t-as-deep-as-they-seem,Opinions,Cointist Editorial,/uploads/1756044738701-20250824_1858_Dramatic-Crypto-Illusion_remix_01k3e5tj1tft1adjbgb2da255n.png,/uploads/1756044738701-20250824_1858_Dramatic-Crypto-Illusion_remix_01k3e5tj1tft1adjbgb2da255n-thumb.jpg,,"[""liquidity""]",,,,"In mature markets, liquidity means resilient capacity to absorb flow. In crypto, liquidity too often means recent activity that disappears precisely when resilience is needed.","<main class=""container"">
    <header class=""article-header"">
      <div class=""kicker"">Opinion · Market Microstructure</div>
     

    <article id=""content"">
      <p class=""lead dropcap"">
        Liquidity is the quiet promise behind every trade: that you can change your mind without the market punishing you for it. In traditional finance that promise is underwritten by deep order books, market‑making obligations, and settlement rails that don’t blink when volatility spikes. In crypto, the promise is shakier. Depth looks ample—until the moment you need it. What many interpret as “liquidity” is often motion masquerading as depth.
      </p>

      <h2 class=""articleH2"">A market that looks liquid—until stress arrives</h2>
      <p>
        The surface optics are seductive. Screens flash with billions in daily turnover; leaderboards rank exchanges by roaring volumes; price indices update by the second. Yet the underlying mechanics remain brittle. Liquidity in most digital assets is concentration masquerading as breadth: a handful of venues, pairs, and market makers account for the lion’s share of activity. When volatility arrives, those same participants are the first to step back, pulling quotes, widening spreads, or switching books to “post‑only.” What felt like a swimming pool becomes a puddle.
      </p>
      <p>
        This isn’t merely a problem for obscure tokens. Outside the top handful of assets, a single institutional‑sized order can punch through multiple levels of the book and realize double‑digit basis‑point slippage. For long‑only allocators with quarterly risk committees, that slippage is not an inconvenience—it’s a mandate killer. High‑frequency “noise” volume proves poor insurance against true execution risk.
      </p>

      <div class=""callout"">
        <strong>Key idea:</strong> In mature markets, liquidity means <em>resilient</em> capacity to absorb flow. In crypto, liquidity too often means <em>recent</em> activity that disappears precisely when resilience is needed.
      </div>

      <h2 class=""articleH2"">Why volume ≠ liquidity</h2>
      <p>
        Conflating turnover with depth is the original sin of crypto market analysis. Three distortions do the heavy lifting. First, <em>fragmentation</em>: the same asset trades on dozens of centralized venues and countless decentralized pools with no consolidated tape, leaving market depth scattered across silos. Second, <em>synthetics</em>: perpetual swaps and other derivatives balloon notional volume that never touches spot inventory; a billion dollars in perp churn may net to a rounding error in physical buying or selling. Third, <em>incentive gaming</em>: fee rebates, market‑maker programs, and outright wash‑trading can pump numbers without adding a drop of genuine resting liquidity.
      </p>
      <p>
        The result is a hall of mirrors where every metric needs context. Reported 24‑hour volume might tell you about <em>velocity</em>; it says little about the <em>depth curve</em>—how many coins you can sell before the price moves by 10, 50, or 100 basis points. Sophisticated desks model this curve explicitly, estimating price impact as a function of order size and volatility. Most retail dashboards don’t even attempt it.
      </p>

      <h2 class=""articleH2"">Lessons from market microstructure</h2>
      <p>
        In equities and FX, liquidity isn’t an accident; it’s engineered. Designated market makers quote within obligations, clearinghouses mutualize counterparty risk, and prime brokers knit together custody, credit, and settlement so that institutions can route size without operational drag. Crucially, there’s a common record of truth: consolidated market data that lets any participant see the national best bid and offer, plus meaningful depth behind it.
      </p>
      <p>
        Crypto lacks each layer in varying degrees. There is no single consolidated view, prime brokerage is still patchwork, and clearing is bilateral or exchange‑specific. Counterparty risk remains idiosyncratic—credit lines depend on bespoke legal arrangements, haircut assumptions, and venue‑by‑venue due diligence. When the volatility regime changes, these bilateral bridges are the first to wobble.
      </p>

      <blockquote>
        True liquidity is less about how often a thing trades and more about how much size a market can absorb <em>when it matters</em>.
      </blockquote>

      <h2 class=""articleH2"">AMMs, order books, and the shape of depth</h2>
      <p>
        Decentralized finance promised transparent liquidity, and it delivered—sort of. AMMs (automated market makers) expose depth curves on‑chain, but constant‑product designs (x·y=k) distribute liquidity evenly across all prices, which is capital‑inefficient for assets that mostly oscillate in ranges. Concentrated‑liquidity designs improved matters by letting LPs park capital around current prices, but they introduced a new fragility: liquidity can <em>run away</em> when prices gap. What looks like a dense wall one minute can be a sparse fence the next as ranges are left behind and LPs wait to re‑enter.
      </p>
      <p>
        Order‑book DEXs bring familiar mechanics to chain but must contend with block times, MEV, and gas costs. During a volatility spike, latency and sequencing risk amplify price impact. For large orders, routing algorithms often split flow across AMMs and order books, chasing best execution across dozens of pools. The outcome is visible, auditable—and sobering. Even on liquid pairs, the last dollar routed costs more than the first.
      </p>

      <h2 class=""articleH2"">Stablecoins and the illusion of “safe” depth</h2>
      <p>
        Stablecoin pairs can feel deep because there is always a bid. But stability depends on collateral quality, redemption mechanics, and market maker willingness to warehouse basis risk. In stress, spreads widen, mint‑and‑redeem frictions increase, and previously fungible dollars fragment by issuer and chain. The headline price may hold at one, yet the <em>usable</em> liquidity—how many stablecoins can be moved where and how fast—shrinks exactly when demand surges.
      </p>

      <h2 class=""articleH2"">Cross‑venue fragmentation and the missing tape</h2>
      <p>
        Without a consolidated tape, price discovery is a mosaic assembled by arbitrage. Cross‑venue spreads usually compress quickly, but compression is not depth. When credit limits fill, or a venue’s risk team flips to “reduce only,” that mosaic fractures. Traders discover that their beautifully back‑tested routing model assumed bridges that no longer exist. In practice, the effective market becomes the narrow corridor where you still have credit, inventory, <em>and</em> operational lift.
      </p>

      <div class=""grid two"">
        <div class=""aside"">
          <strong>Glossary:</strong>
          <ul>
            <li><em>Depth curve</em> — expected price impact versus order size.</li>
            <li><em>AMM</em> — automated market maker (e.g., constant‑product).</li>
            <li><em>NBBO</em> — national best bid and offer; a consolidated top‑of‑book in equities.</li>
            <li><em>MEV</em> — miner/maximum extractable value from transaction ordering.</li>
          </ul>
        </div>
        <div class=""aside"">
          <strong>Rule of thumb:</strong> If you can’t exit 5–10× your typical ticket without moving the market more than your edge, you don’t have liquidity—you have turnover.
        </div>
      </div>

      <h2 class=""articleH2"">What institutional liquidity would actually require</h2>
      <p>
        The road from today’s mirage to genuine depth involves structure, not slogans. A few pragmatic pillars stand out. First, <strong>credible prime brokerage</strong>: integrated custody, credit intermediation, and settlement that works across venues and products. Second, <strong>standardized risk plumbing</strong>: margin models, stress testing, and cross‑margin arrangements that survive regime shifts rather than amplifying them. Third, <strong>data that matters</strong>: a de‑facto consolidated view of depth and trades (even if privately aggregated) so allocators can quantify impact before they route size. Fourth, <strong>well‑regulated market‑making obligations</strong> on key pairs—clear quoting standards with economic penalties for disappearing in stress. Finally, <strong>interoperable on‑chain rails</strong> that reduce bridging and wrap risk when capital needs to move fast.
      </p>
      <p>
        None of these are philosophical problems. They are incentives and coordination problems. When venues compete on headline volume instead of execution quality, the easy thing is to subsidize churn. Building resilient liquidity is slower, less glamorous work—yet it’s the only path to allocations that stick through cycles.
      </p>

      <h2 class=""articleH2"">Practical checklist for allocators</h2>
      <ul class=""keytakeaways"">
        <li>Model <em>impact‑adjusted</em> execution: simulate fills across venues and liquidity types (AMMs vs order books) under stressed volatility.</li>
        <li>Measure <em>resilience</em> not just spread: how often do quotes persist through micro‑shocks; how fast do books refill after sweeps?</li>
        <li>Separate <em>derivatives velocity</em> from <em>spot depth</em> when assessing “volume.”</li>
        <li>Demand venue‑level transparency on maker incentives, inventory risk, and internalization.</li>
        <li>Diversify credit and custody; rehearse “reduce‑only” contingencies and rerouting playbooks.</li>
        <li>For DeFi, monitor liquidity ranges, rebalancing policies, oracle dependencies, and gas/latency at target size.</li>
      </ul>

      <h2 class=""articleH2"">DeFi’s transparency dividend—and its limits</h2>
      <p>
        One reason professionals prize DeFi is that its shortcomings are legible. You can see the pools, read the contracts, and inspect historical depth at every tick. That transparency is a powerful antidote to vanity metrics. Yet it doesn’t dissolve economic gravity: capital must be paid to wait, and liquidity flees when risk is underpriced. Protocol designs that reward <em>resilient</em> liquidity—longer‑dated incentives, dynamic fees, backstops that earn in quiet times and spend in stress—will outlast mercenary emissions.
      </p>

      <h2 class=""articleH2"">A sober conclusion</h2>
      <p>
        Crypto has matured in custody, compliance, and connectivity; it has not yet matured in the thing that grants markets their dignity: depth you can lean on. The way forward is not another leaderboard or a fresh marketing term for volume. It is the unglamorous work of plumbing—credit lines that survive rain, consolidated data that rewards honest quoting, and protocols that pay for liquidity that doesn’t blink. Until then, treat reported volume as weather and true liquidity as climate: only the latter tells you what to pack for the journey.
      </p>

      <div class=""callout"">
        <strong>Bottom line:</strong> Liquidity is not activity—it is <em>capacity</em>. In crypto, capacity is still earned the hard way: with design, incentives, and time.
      </div>

      <footer class=""foot"">
        This article is an opinion piece intended for educational purposes and should not be construed as investment advice.
      </footer>
    </article>
  </header></main>",true,2025-08-24 00:00:00+00,,,,2025-08-24 00:00:00+00,2025-08-24 00:00:00+00,false,
37,"Decentralization’s Dilemma: Governance, Power, and the Myth of “Community”",decentralization-s-dilemma-governance-power-and-the-myth-of-community,Opinions,Cointist Editorial,/uploads/1756044530411-20250824_1826_Decentralization-and-Community-Myth_remix_01k3e417y9fp38yv11hqwkqph2.png,/uploads/1756044530411-20250824_1826_Decentralization-and-Community-Myth_remix_01k3e417y9fp38yv11hqwkqph2-thumb.jpg,,"[""DAO""]",,,,"The ideal of decentralization collides with the arithmetic of power. The dilemma is not that decentralization is impossible, but that we have treated a narrow token-voting model as synonymous with it.","<main class=""container"">
   
      <div class=""kicker"">Opinion · Market Structure</div>
      
    <article id=""content"">
      <p class=""lead dropcap"">“Community governance” is the crypto movement’s north star and its marketing slogan. Yet when the voting snapshots close, the same pattern repeats: a handful of large token holders decide the outcome, while most wallets abstain. The ideal of decentralization collides with the arithmetic of power. The dilemma is not that decentralization is impossible, but that we have treated a narrow token-voting model as synonymous with it.</p>
<h2 class=""articleH2"">Who actually governs?</h2>
<p>In many protocols, voting power maps to token balances held by foundations, early investors, and market makers. That concentration is not a moral failure so much as a structural outcome of fundraising and liquidity bootstrapping. But it means that governance can become a thin ritual overlaying executive control. The result: forums full of deliberation, and ballots whose results were predictable from the cap table.</p>
<p>Participation is also costly. Governance takes time, context, and technical fluency. Retail users and builders with day jobs rarely have the bandwidth to review parameter changes or risk models. Delegation emerged to solve this—specialists vote on behalf of others—but without strong accountability, delegates can become mini‑politburos. Healthy systems publish scorecards, pay for documented analysis, and sunset inactive delegates.</p>
<h2 class=""articleH2"">The incentives behind “public” goods</h2>
<p>Open-source maintenance, oracle integrity, and liquidity incentives are all public goods with diffuse benefits. Token voters rationally underfund them because the payoff is delayed and uncertain. Protocols that rely on opportunistic emissions discover the same fate: mercenary capital arrives for the yield and leaves when the faucet slows. Durable governance prices externalities on purpose—through fee switches, earmarked treasuries, and long‑horizon budgets tied to measurable outcomes.</p>
<div class=""callout""><strong>Key idea:</strong> Decentralization is not a vibe; it is a budget. If a protocol cannot fund oversight and maintenance without begging whales, power will centralize by default.</div>
<h2 class=""articleH2"">One-token-one-vote vs. one-person-one-vote</h2>
<p>Token‑weighted voting is simple but plutocratic. Attempts to restore civic balance—sybil‑resistant identity, soulbound attestations, quadratic voting—each trade simplicity for legitimacy. There is no silver bullet. Quadratic voting punishes whales but invites collusion; identity systems increase sybil‑costs but raise privacy and exclusion concerns. A mature approach blends mechanisms: token weight for capital allocation, identity‑weighted votes for constitutional changes, quorum rules that prevent midnight coups.</p>
<h2 class=""articleH2"">Constitutions and credible constraints</h2>
<p>Without limits, governance can be capricious. Protocol constitutions constrain what token holders can change and how fast. They codify vetoes—for example, protecting user deposits from governance seizures—and require layered approvals for existential moves (forks, fee captures, or treasury sales). Smart contracts can enforce parts of the constitution directly: time locks, guardian councils with narrow mandates, and emergency powers that expire unless renewed.</p>
<blockquote>The goal is not maximum “democracy,” but <em>predictable authority</em> distributed across checks and balances that users can learn to trust.</blockquote>
<h2 class=""articleH2"">The role of founders after launch</h2>
<p>Founders are often told to “decentralize and step back.” In reality, founders remain crucial sources of context and stewardship. The risk is not leadership per se, but unaccountable leadership. Clear roadmaps, term‑limited council seats, and transparent pay anchor legitimacy. The most credible founders publish “sunset plans”: explicit milestones for reducing unilateral control as community institutions mature.</p>
<h2 class=""articleH2"">When governance should be boring</h2>
<p>Not every decision belongs onchain. High‑frequency parameter tweaks—like interest‑rate curves or trading fees—can be delegated to automated controllers with guardrails and periodic audits. Human governance should focus on meta‑decisions: budgets, risk frameworks, and strategic direction. If weekly votes are existential, your protocol hasn’t found product‑market fit; it is managing anxiety.</p>
<h2 class=""articleH2"">Metrics that actually track decentralization</h2>
<ul class=""keytakeaways"">
  <li><em>Effective voter dispersion</em>: Gini coefficients over votes cast, not token supply.</li>
  <li><em>Turnout persistence</em>: participation rates across multiple epochs.</li>
  <li><em>Treasury independence</em>: ability to fund maintenance for 24+ months without new token issuance.</li>
  <li><em>Upgrade latency</em>: time from proposal to deployment with and without emergencies.</li>
  <li><em>Delegate accountability</em>: share of proposals accompanied by published rationales and post‑mortems.</li>
</ul>
<div class=""grid two"">
  <div class=""aside"">
    <strong>Glossary:</strong>
    <ul>
      <li><em>Quadratic voting</em> — vote cost grows with square of votes, favoring broad participation.</li>
      <li><em>Time lock</em> — delay between passing a vote and contract execution.</li>
      <li><em>Guardian</em> — narrowly scoped safety role, ideally term‑limited and auditable.</li>
    </ul>
  </div>
  <div class=""aside"">
    <strong>Rule of thumb:</strong> If no one can explain who can change what, in how many days, with which signatures, your protocol is centralized—no matter how many wallets hold your token.
  </div>
</div>
<h2 class=""articleH2"">Culture is part of the mechanism</h2>
<p>The mechanical levers matter, but culture multiplies their effect. Communities that reward public reasoning, pay for research, and tolerate dissent create real decentralization because they create <em>portable trust</em>: users believe they can exit or voice without being rug‑pulled by process. That is why governance forums and documentation deserve editorial quality—today’s lurkers are tomorrow’s stewards.</p>
<h2 class=""articleH2"">A constructive way forward</h2>
<p>The myth to retire is that decentralization means founderless anarchy or annual referendums. The destination is humbler and sturdier: protocols with constitutional guardrails, financed public goods, and delegates who earn their keep. Power will never be perfectly equal, but it can be <em>legible</em> and <em>constrained</em>. That is a standard mature users can both understand and demand.</p>

<h2 class=""articleH2"">Case studies in power and restraint</h2>
<p>
  MakerDAO’s evolution from emergency governance during Black Thursday to the introduction of constitutional modules illustrates the arc from ad‑hoc heroics to rules. Uniswap’s fee switch debates reveal how token holders weigh revenue against ecosystem growth—and how delegate incentives shape that calculus. These are not failures of decentralization; they are proofs that mechanisms must evolve as stakes rise.
</p>
<h2 class=""articleH2"">Delegation markets, done right</h2>
<p>
  A healthy delegation market looks less like influencer culture and more like research coverage. Delegates publish positions, conflicts, and performance. Voters can switch at low cost, and protocols fund competitive analysis rather than personality cults. Slashing for malpractice is likely over‑kill; reputational slashing—loss of delegation after bad calls—is cheaper and cleaner.
</p>
<h2 class=""articleH2"">Threat models</h2>
<p>
  Governance attacks rarely look like Hollywood takeovers. They look like exhaustion: low turnout, procedural confusion, or dependency on a single signer in a crisis. Table‑top exercises—who can pause what, how long until powers expire, what happens if a multisig is compromised—are the mundane drills that transform a DAO from a chat room into an institution.
</p>
    
<h2 class=""articleH2"">Treasury design is governance design</h2>
<p>
  Treasuries that hold only native tokens inherit reflexive risk: bear markets gut budgets right when spending is needed. Mature DAOs diversify into stables and productive assets, publish investment policies, and match duration of assets to liabilities. Grants move from ad hoc tips to milestone‑based contracts with clawbacks. This doesn’t require reinventing public finance; it requires admitting that governance without a budget is theater.
</p>
<h2 class=""articleH2"">Dispute resolution without kings</h2>
<p>
  On‑chain juries and arbitration modules are early, but they point toward scalable norms. Most disputes are about interpretation, not crime; their resolution benefits from transparent reasoning and precedent. Embedding lightweight arbitration—with randomly drawn jurors staked on their votes—can settle gray areas faster than global token votes, while leaving constitutional matters to slower, higher‑quorum processes.
</p>
<h2 class=""articleH2"">Communication norms as stability tools</h2>
<p>
  The fastest way to spook users is a chaotic announcement during an incident. Protocols should pre‑commit to comms templates for pauses, upgrades, or security events, including who speaks, where, and in what time frames. Calm, repeatable communication is not just PR—it is part of the control plane that keeps governance legitimate when stakes are high.
</p>

<footer class=""foot"">
        This article is an opinion piece intended for educational purposes and should not be construed as investment advice.
      </footer>
    </article>
  </main>",true,2025-08-24 00:00:00+00,,,,2025-08-24 00:00:00+00,2025-08-24 00:00:00+00,false,
38,The Energy Debate Has Moved On: Bitcoin Mining in an Era of Grid Transformation,the-energy-debate-has-moved-on-bitcoin-mining-in-an-era-of-grid-transformation,Opinions,Cointist Editorial,/uploads/1756044626036-20250824_1840_Bitcoin-Mining-&-Energy_simple_compose_01k3e4tps6fzw9bx0qz6h91sty.png,/uploads/1756044626036-20250824_1840_Bitcoin-Mining-&-Energy_simple_compose_01k3e4tps6fzw9bx0qz6h91sty-thumb.jpg,,"[""bitcoin"",""mining""]",,,,"The question is no longer “does Bitcoin use energy,” but “what kind of energy system does it help build?”","<main class=""container"">
   
      <div class=""kicker"">Opinion · Market Structure</div>
    
    
    <article id=""content"">
      <p class=""lead dropcap"">The Bitcoin energy debate is often staged as a morality play: miners versus the planet. That script misses the plot twist unfolding on real grids. As renewables scale and intermittency grows, flexible demand becomes an asset. Bitcoin mining—interruptible, location‑agnostic, and revenue‑generating—has started to play the role that demand response and peaker plants have long filled. The question is no longer “does Bitcoin use energy,” but “what kind of energy system does it help build?”</p>
<h2 class=""articleH2"">From baseload obsession to flexibility first</h2>
<p>Legacy grids were optimized around steady baseload and dispatchable fossil plants. The renewable era flips the design goal: match demand to variable supply. Miners, unlike data centers or smelters, can ramp up and down in minutes. In places like West Texas, they absorb wind and solar oversupply when prices crash, and curtail during scarcity, selling power back or simply idling. That makes them a new class of grid participant: financially motivated to stabilize rather than stress the system.</p>
<h2 class=""articleH2"">Stranded and curtailed energy</h2>
<p>Much renewable capacity exists where transmission is scarce. Building lines takes years and permitting battles. A modular mining site can park next to a wind farm within months, converting electrons into a globally liquid commodity—hash. The economics work because the alternative is curtailment: paying generators not to generate. Miners monetize that otherwise wasted energy, improving project IRRs and, counterintuitively, encouraging more renewable build‑out.</p>
<div class=""callout""><strong>Key idea:</strong> Mining is less a competitor for household electricity and more a buyer of last resort for energy that would otherwise be spilled.</div>
<h2 class=""articleH2"">But what about emissions?</h2>
<p>Critics are right that mining’s footprint depends on its energy mix. If miners chase subsidized fossil fuels, emissions rise. The counterexample is hydro‑rich regions and grids with high renewable penetration, where miners reduce curtailment and provide ancillary services. The punchline is empirical: the cleaner the grid, the more useful miners become, because they can time‑shift demand to match clean supply. Policymakers should target outcomes—grid intensity and reliability—rather than blanket bans or subsidies.</p>
<h2 class=""articleH2"">Grid services miners can provide</h2>
<ul class=""keytakeaways"">
  <li><em>Demand response</em>: curtail within minutes during scarcity events.</li>
  <li><em>Frequency regulation</em>: participate in ancillary markets with rapid ramping.</li>
  <li><em>Load following</em>: absorb mid‑day solar peaks and night‑time wind.</li>
  <li><em>Heat reuse</em>: colocate with district heating or industrial processes.</li>
</ul>
<div class=""grid two"">
  <div class=""aside"">
    <strong>Glossary:</strong>
    <ul>
      <li><em>Curtailment</em> — forced reduction of generation due to oversupply or congestion.</li>
      <li><em>Ancillary services</em> — markets that pay for grid stability (frequency, reserves).</li>
      <li><em>Demand response</em> — programs paying loads to reduce consumption during stress.</li>
    </ul>
  </div>
  <div class=""aside"">
    <strong>Rule of thumb:</strong> The more volatile the wholesale price, the more valuable flexible demand becomes—and mining is among the most flexible industrial loads available.
  </div>
</div>
<h2 class=""articleH2"">Regulatory clarity beats moral panic</h2>
<p>Sound policy doesn’t idolize mining or vilify it; it prices externalities and rewards useful behavior. Carbon‑intensity‑based tariffs, interconnection standards, and participation in demand‑response markets create the right incentives. Reporting frameworks should focus on grid services provided and emissions intensity, not bare power draw. By the same logic, miners should disclose curtailment hours, location‑based marginal emissions, and contracts that allow grid operators to call on them during emergencies.</p>
<h2 class=""articleH2"">Miners as infrastructure financiers</h2>
<p>There is a subtle financing angle: miners offer a buyer of last resort for early‑stage generation projects, underwriting a floor for offtake while transmission and industrial demand catch up. Once lines arrive or local industry grows, miners can move. This portability reduces the risk of stranded renewable assets and helps developers raise debt at better terms.</p>
<h2 class=""articleH2"">Risks and limits</h2>
<p>Mining is not a panacea. Poorly regulated sites can strain local grids, phase imbalances can cause technical issues, and community concerns about noise or water use are real. Moreover, price cycles can bankrupt operators, leaving behind equipment and political backlash. The “grid asset” thesis only holds if miners actually behave like grid citizens—sharing data, curtailing when called, and internalizing the costs they impose.</p>
<blockquote>The energy transition needs elastic demand. If miners choose to be that elastic load transparently and cleanly, they become part of the solution rather than a caricature of the problem.</blockquote>
<h2 class=""articleH2"">A balanced conclusion</h2>
<p>The debate should move from binaries to baselines. Measure miners by the cleanliness of their electrons and the stability services they provide. Reward flexibility; penalize pollution and nuisance. Then let markets decide where mining makes sense. What we will likely discover is that in the geography of renewables, a <em>mobile</em> industrial load is not a bug—it is a feature.</p>

<h2 class=""articleH2"">Case notes from the field</h2>
<p>
  In ERCOT, miners have demonstrated curtailment during extreme weather, freeing capacity for households. In hydro‑rich regions, miners colocate with otherwise under‑utilized generation, smoothing revenue for utilities. District‑heating pilots experiment with harvesting ASIC waste heat for greenhouses and pools. None of this absolves the sector; it does, however, sketch a path toward being measured as an energy service, not an energy sin.
</p>
<h2 class=""articleH2"">What operators should publish</h2>
<ul class=""keytakeaways"">
  <li><em>Curtailment hours</em> and events participated in, with grid‑operator verification.</li>
  <li><em>Location‑based marginal emissions</em> rather than generic renewable certificates.</li>
  <li><em>Noise, water, and heat‑reuse</em> disclosures aligned to local standards.</li>
</ul>
<h2 class=""articleH2"">Finance and cyclicality</h2>
<p>
  Mining’s cyclicality means grid partners should underwrite conservatively. Contracts that convert fixed offtake into option‑like arrangements—capacity reservations with performance bonds—align incentives through price winters. When miners are treated like any industrial load with measurable services, they gain the social license required to expand.
</p>
     
      
<h2 class=""articleH2"">Deep dive: heat reuse and co‑location</h2>
<p>
  ASICs are formidable space heaters. When colocated with greenhouses, aquatic farms, or district heating loops, their waste heat becomes a product. European pilots have demonstrated stable temperatures for year‑round cultivation, and campus pools have trimmed gas bills with submerged miners. These use cases are niche today, but they flip the optics: electricity in, warmth and compute out. In colder climates, the combined efficiency can rival traditional boilers when powered by clean electricity.
</p>
<h2 class=""articleH2"">Community standards matter</h2>
<p>
  Social license is earned one town at a time. Transparent siting, noise abatement, community reinvestment, and local hiring determine whether a project feels extractive or additive. The industry should publish playbooks for best practice—setback distances, acoustic enclosures, and water‑use caps—before regulators write clumsy rules for them. Being a good neighbor is cheaper than litigating a bad reputation.
</p>

     
    
<h2 class=""articleH2"">Deep dive: heat reuse and co‑location</h2>
<p>ASICs are formidable space heaters. When colocated with greenhouses, aquatic farms, or district heating loops, their waste heat becomes a product. European pilots have demonstrated stable temperatures for year‑round cultivation, and campus pools have trimmed gas bills with submerged miners. These use cases are niche today, but they flip the optics: electricity in, warmth and compute out. In colder climates, the combined efficiency can rival traditional boilers when powered by clean electricity.</p>
<h2 class=""articleH2"">Community standards matter</h2>
<p>Social license is earned one town at a time. Transparent siting, noise abatement, community reinvestment, and local hiring determine whether a project feels extractive or additive. The industry should publish playbooks for best practice—setback distances, acoustic enclosures, and water‑use caps—before regulators write clumsy rules for them. Being a good neighbor is cheaper than litigating a bad reputation.</p>

<footer class=""foot"">
        This article is an opinion piece intended for educational purposes and should not be construed as investment advice.
</footer>

    </article>
  </main>",true,2025-08-24 00:00:00+00,,,,2025-08-24 00:00:00+00,2025-08-24 00:00:00+00,false,
39,Blockchain Beyond Speculation: The Forgotten Role of Settlement Finality,blockchain-beyond-speculation-the-forgotten-role-of-settlement-finality,Opinions,Juan Rodriguez,/uploads/1756044591380-20250824_1840_Settlement-Finality-Focus_simple_compose_01k3e4vg5mf9yvkejh017q0hqj.png,/uploads/1756044591380-20250824_1840_Settlement-Finality-Focus_simple_compose_01k3e4vg5mf9yvkejh017q0hqj-thumb.jpg,,"[""Blockchain""]",,,,"In traditional markets, settlement is a cooperative dance among custodians, clearinghouses, and banks. On public blockchains, it is a property of the consensus itself. That shift rewires risk.","  <main class=""container"">
   
      <div class=""kicker"">Opinion · Market Structure</div>
    
    <article id=""content"">
      <p class=""lead dropcap"">Speculation has been crypto’s most visible export, but the durable contribution may be something quieter: the ability to achieve <em>final</em> settlement without a central counterparty. Finality sounds abstract—until you try to move value across borders or close a complex trade under stress. In traditional markets, settlement is a cooperative dance among custodians, clearinghouses, and banks. On public blockchains, it is a property of the consensus itself. That shift rewires risk.</p>
<h2 class=""articleH2"">What “finality” really means</h2>
<p>In finance, finality is the legal point at which a transfer becomes irrevocable. It is the moment after which neither party, nor a court, nor a failed intermediary can claw back the asset. In centralized systems, that protection is provided by a web of laws, contracts, and well-capitalized intermediaries. On chains like Bitcoin and Ethereum, finality emerges from majority consensus and economic costs—energy expenditure or stake slashing—making the ledger itself the adjudicator of truth.</p>
<p>Importantly, blockchains offer different <em>kinds</em> of finality. Bitcoin’s proof-of-work delivers <em>probabilistic</em> finality: each additional confirmation reduces the chance of reorg. Proof-of-stake systems often introduce <em>economic</em> finality checkpoints: once a supermajority votes, reversing requires burning enormous stake. The practical upshot for operators is not just speed, but <em>predictability</em> of risk over time.</p>
<div class=""callout""><strong>Key idea:</strong> Finality is not about how fast a block arrives; it is about how confidently you can build the next action on top of a transfer without tail risk returning.</div>
<h2 class=""articleH2"">Why settlement rails shape markets</h2>
<p>Markets are not just order books—they are logistics networks for title. When settlement is slow or uncertain, capital hides in buffers: larger haircuts, excess margin, wider spreads, and duplicated collateral. When settlement is prompt and credible, networks can run “hotter”: smaller buffers, tighter spreads, and higher velocity. The painful artifacts of T+2 equity settlement—fails, buy-ins, and locate games—exist because legals and logistics lag trading intent. Chains collapse that gap.</p>
<p>Cross-border commerce makes this concrete. An exporter in Karachi sells equipment to a buyer in Lagos. Letters of credit and correspondent banks can make settlement a multi-week odyssey. A permissioned chain with anchored proofs can turn that into near-real-time settlement with programmatic escrow, cutting working-capital drag. The speed matters, but the <em>certainty</em> matters more: inventory can ship precisely because payment risk has been neutralized by code, not promise.</p>
<h2 class=""articleH2"">Finality, custody, and the law</h2>
<p>Lawyers ask the hard question: who owns the asset at each moment, and what happens in bankruptcy? With crypto, the answer moves closer to “who controls the private keys” and “what the protocol says.” Jurisdictions are still harmonizing how to treat on-chain finality in court, but the trend is to respect protocol-level records when parties have contracted for them. That gives treasurers and CFOs a new tool: operational finality that can be audited by anyone with a block explorer.</p>
<p>Custody adds nuance. If an exchange or custodian commingles assets, users rely on their solvency rather than the chain’s finality. Segregated on-chain accounts—whether via native accounts, smart-contract vaults, or MPC-based segregation—let institutions reap protocol finality without reintroducing centralized tail risk. The more that custody mirrors on-chain ownership, the more meaningful finality becomes in practice.</p>
<blockquote>The promise isn’t merely faster payments; it’s enforceable finality with global visibility, reducing the number of places where trust can fail.</blockquote>
<h2 class=""articleH2"">Interoperability and the problem of “finality gaps”</h2>
<p>In a multi-chain world, finality becomes a vector: value moves from a system with one set of guarantees to another with a different set. Bridges translate, but they also create <em>finality gaps</em>: periods when neither chain’s assurances fully apply. Designs that minimize these gaps—light-client proofs, zk-based verification, optimistic windows with well-incentivized guardians—push us toward an internet of settlement where the dominant risk is economic, not architectural.</p>
<p>Enterprise deployments face similar seams when blockchains meet ERP systems, customs, and banking ledgers. The solution is boring but powerful: codify interfaces and SLAs around settlement checkpoints. Treat “block N + k” as a business event with legal meaning, not just a technical milestone.</p>
<h2 class=""articleH2"">What operators should measure</h2>
<ul class=""keytakeaways"">
  <li>Track <em>time-to-economic-finality</em> rather than raw block time; align treasury operations to that horizon.</li>
  <li>Design <em>escrow patterns</em> with on-chain logic that mirrors trade terms—delivery-vs-payment, payment-vs-payment.</li>
  <li>Use <em>segregated on-chain accounts</em> to ensure your balance sheet reflects protocol truth, not custodian promises.</li>
  <li>Model <em>finality gaps</em> when bridging and price the risk explicitly in fees or buffers.</li>
</ul>
<div class=""grid two"">
  <div class=""aside"">
    <strong>Glossary:</strong>
    <ul>
      <li><em>Probabilistic finality</em> — reorg risk falls with confirmations.</li>
      <li><em>Economic finality</em> — slashing or stake burn required to revert.</li>
      <li><em>DvP/PvP</em> — delivery/payment atomicity patterns.</li>
    </ul>
  </div>
  <div class=""aside"">
    <strong>Rule of thumb:</strong> If legal and operational ownership coincide on-chain, you own the asset; if not, you own someone’s promise.
  </div>
</div>
<h2 class=""articleH2"">DeFi settlement and composability</h2>
<p>DeFi makes settlement a first-class primitive: a lending protocol can settle interest, a DEX can clear trades, and a derivatives venue can collateralize margin—all atomically. Composability adds leverage to finality: protocols can chain actions safely because each leg inherits the same settlement guarantees. That is qualitatively different from stitching APIs in Web2, where reversals and chargebacks create brittle edges.</p>
<p>Still, composability cuts both ways. When protocols assume each other’s finality, bugs or oracle failures can propagate. Mature systems place circuit breakers around the edges—rate limits, delay modules, and governance “pauses” that preserve final settlement while slowing contagion. The art is to slow coordination without undermining the very guarantees users rely on.</p>
<h2 class=""articleH2"">A pragmatic conclusion</h2>
<p>Markets will always speculate; that is how prices learn. But if crypto is to matter beyond cycles, its meaning will rest on rails that settle with certainty. The frontiers to watch are dull by design: better custody segregation, cleaner legal recognition, interoperable proofs, and treasury systems that treat block confirmations as operational events. When finality becomes a CFO concept rather than a developer slogan, we’ll know blockchains have crossed from experiment to infrastructure.</p>

<h2 class=""articleH2"">Case study: post‑trade friction vs. protocol certainty</h2>
<p>
  Consider bilateral commodities trades that settle through multiple banks and a clearing broker. Disputes over weights, assays, or delivery terms can stall cash movements for days, freezing credit lines and forcing both sides to over‑collateralize. An on-chain escrow that releases funds upon delivery of signed assay attestations and IoT‑verified custody changes turns a negotiation into a workflow. Even if parties still litigate quality, <em>title</em> and <em>cash</em> move with bounded risk, not indefinite discretion.
</p>
<h2 class=""articleH2"">Operational playbook for CFOs</h2>
<p>
  Treat finality as a treasury control. Maintain hot, warm, and cold wallets with policy‑enforced limits. Reconcile on-chain balances to GL accounts daily. Automate proofs of payment that embed block heights and transaction hashes into ERP. For large wires to trading partners, pre‑agree on confirmation depths and reorg procedures. None of this requires evangelical zeal—it requires the same discipline applied to SWIFT and ACH, except the ledger is public and programmable.
</p>
<h2 class=""articleH2"">KPIs for maturity</h2>
<ul class=""keytakeaways"">
  <li><em>Days sales outstanding (DSO)</em> reduction from on-chain settlement vs. legacy rails.</li>
  <li><em>Variance of fails</em> before and after adopting protocol‑anchored workflows.</li>
  <li><em>Audit lag</em> between period close and attested on-chain proofs of cash.</li>
</ul>

      <footer class=""foot"">
        This article is an opinion piece intended for educational purposes and should not be construed as investment advice.
      </footer>
    
<h2 class=""articleH2"">Design choices: optimistic proofs vs. validity proofs</h2>
<p>
  When extending finality across domains, builders face a trade‑off. Optimistic schemes assume messages are valid unless challenged within a window, which introduces latency but minimizes on‑chain verification costs. Validity (zk) proofs front‑load computation so that the destination chain can accept a message immediately once a succinct proof verifies, reducing latency at the price of prover complexity. The “right” model depends on the value at risk and the tolerance for delay—reminding us that finality is always a function of economics, not just cryptography.
</p>
<h2 class=""articleH2"">Sovereign rollups and enterprise fit</h2>
<p>
  Sovereign rollups decouple execution from consensus, letting an application own its rules while inheriting settlement from a base layer. For enterprises, this maps neatly to business units that require local control but global auditability. A treasury desk can run a rollup with its own KYC and risk rules, yet anchor milestones to a public chain for timestamping and dispute resolution. Here again, the theme is predictable settlement that survives organizational churn.
</p>
<h2 class=""articleH2"">Vendor checklist</h2>
<ul class=""keytakeaways"">
  <li>Clear guarantees: what is the maximum reorg the system assumes? What slashing or staking economics back it?</li>
  <li>Interoperability path: how are messages verified across domains now and in the next upgrade?</li>
  <li>Operational tooling: can confirmations and proofs be embedded in existing ERP and audit flows without bespoke glue?</li>
</ul>

    </article>
  </main>",true,2025-08-24 00:00:00+00,,,,2025-08-24 00:00:00+00,2025-08-24 00:00:00+00,false,
40,Tokenization Mirage: Why Real‑World Assets Aren’t Flooding Blockchains (Yet),tokenization-mirage-why-real-world-assets-aren-t-flooding-blockchains-yet,Opinions,Sushant Pawan,/uploads/1756044557786-20250824_1845_Asset-Tokenization-Challenges_simple_compose_01k3e54k94e3fs4jvcfnxx2ysw.png,/uploads/1756044557786-20250824_1845_Asset-Tokenization-Challenges_simple_compose_01k3e54k94e3fs4jvcfnxx2ysw-thumb.jpg,,"[""RWA""]",,,,"The gap between pitch decks and production comes down to boring constraints—law, data, and distribution—rather than a lack of blockchains.","<main class=""container"">
  
      <div class=""kicker"">Opinion · Market Structure</div>
      
    
    <article id=""content"">
      <p class=""lead dropcap"">Tokenizing real‑world assets is supposed to be crypto’s bridge to the mainstream: a trillion‑dollar pipeline of treasuries, credit, and property flowing onto public rails. The concept is clean; the execution is messy. If tokenization is inevitable, why does adoption look more like artisanal pilots than industrial flow? The gap between pitch decks and production comes down to boring constraints—law, data, and distribution—rather than a lack of blockchains.</p>
<h2 class=""articleH2"">Legal title is the first bottleneck</h2>
<p>Many assets cannot be “put on chain” because there is no recognized digital title transferable under existing law. A token can represent a claim, but unless courts and contracts bind that token to the underlying asset, it is a pretty receipt. This is why early successes cluster around <em>financial</em> assets with clear custody and settlement rules—short‑duration credit, money‑market exposures, and government bills—rather than messy assets like real estate in jurisdictions with fragmented registries.</p>
<p>The fix is not purely technical. It requires statutes or standardized contractual architectures that make token ownership dispositive of legal ownership or at least legally enforceable against the issuer. Where that architecture exists—clear trust structures, bankruptcy‑remote SPVs, and disclosure regimes—tokenization moves from art to industry.</p>
<div class=""callout""><strong>Key idea:</strong> Tokens don’t “wrap” reality by magic; they wrap legal rights. Clarity on those rights is product‑market fit.</div>
<h2 class=""articleH2"">Distribution and the “last mile” problem</h2>
<p>Even when assets are cleanly wrapped, who will buy them? The last mile is investor distribution, not chain selection. Traditional buyers live behind KYC walls, suitability checks, and portfolio mandates. Public chains can host compliant markets, but the funnel requires broker‑dealers, transfer agents, and interfaces institutional investors trust. Without that, tokenized assets churn among crypto‑native wallets rather than tapping the real pools of capital.</p>
<p>Ironically, the best path to adoption may be “boring” front ends: custody accounts at familiar institutions offering tokenized exposures under familiar reporting. On the back end, settlement can be onchain; on the front end, it should look like a clean line item with proper tax lots and audit trails.</p>
<h2 class=""articleH2"">Liquidity isn’t guaranteed</h2>
<p>Tokenization does not conjure buyers. Many RWAs are inherently illiquid—private credit, niche real estate, fine art. Wrapping them in ERC‑20s without market‑maker commitments or redemption windows sets investors up for disappointment. Primary markets must design for exit: periodic auctions, vault‑style share issuance and redemption, or designated dealers with inventory mandates. Otherwise, “24/7 markets” become 24/7 illiquidity.</p>
<h2 class=""articleH2"">Data, oracles, and ongoing truth</h2>
<p>Real‑world assets decay or change state: tenants leave, invoices default, warehouses burn down. Tokens need fresh data to stay truthful. Oracles can attest to facts, but who audits the oracles? Mature designs include verifiable reporting pipelines: issuer attestations, third‑party audits, insurance where appropriate, and on‑chain proofs of reserve that tie to bank statements or custody receipts. Without living data, tokens drift from reality the moment they mint.</p>
<div class=""grid two"">
  <div class=""aside"">
    <strong>Glossary:</strong>
    <ul>
      <li><em>SPV</em> — special purpose vehicle that isolates asset risk.</li>
      <li><em>Proof of reserve</em> — crypto-native attestations linking tokens to collateral.</li>
      <li><em>Transfer agent</em> — entity maintaining ownership records in regulated markets.</li>
    </ul>
  </div>
  <div class=""aside"">
    <strong>Rule of thumb:</strong> If the data feed that makes your token truthful is more fragile than the chain, your system will fail at the oracle, not the ledger.
  </div>
</div>
<h2 class=""articleH2"">Where tokenization works today</h2>
<p>Short‑duration instruments with transparent collateral, fast turnover, and simple cash flows are natural fits: treasury bills, repo, and high‑grade commercial paper. Private credit with standardized underwriting and pooled diversification is next. In both cases, the product story is stronger <em>because</em> of on‑chain transparency: holders can verify issuance, redemptions, and asset coverage in real time.</p>
<h2 class=""articleH2"">Design patterns that scale</h2>
<ul class=""keytakeaways"">
  <li><em>Bankruptcy‑remote wrappers</em> with clear claims, trustee oversight, and waterfall logic codified on‑chain.</li>
  <li><em>Programmable compliance</em> that enforces KYC/AML and transfer restrictions at the token level.</li>
  <li><em>Periodic liquidity windows</em> that reconcile investor exit with underlying asset liquidity.</li>
  <li><em>Data SLAs</em> with penalties for stale or incorrect reporting, including oracle diversity.</li>
</ul>
<h2 class=""articleH2"">DeFi meets RWA</h2>
<p>The most exciting frontier is not new tokens but new <em>uses</em> for them. Once high‑quality RWAs exist on-chain, they can serve as pristine collateral for lending, liquidity for base‑currency pools, and hedging instruments for treasuries. That composability imports the discipline of traditional credit into crypto risk engines: haircut schedules, concentration limits, and default playbooks that survive stress.</p>
<blockquote>Tokenization is not a marketing category; it is an operations strategy for moving legal rights onto faster rails. The winners will be those who treat it as plumbing.</blockquote>
<h2 class=""articleH2"">A measured outlook</h2>
<p>The hype cycle will fade, as it always does. What remains will be instruments with clear legal wrappers, real distribution, and reporting that invites audit. They will not feel like casino chips; they will feel like fixed‑income. And that is the point. Tokenization will look “slow” right up until it looks obvious, and then the rails will simply be there—quietly settling claims at the speed of software.</p>

<h2 class=""articleH2"">Case study: tokenized treasuries</h2>
<p>
  Short‑duration U.S. treasuries showcase the template: issuer SPVs hold bills with a trustee; tokens represent pro‑rata claims; redemptions occur at NAV through KYC’d channels; and wallets can verify issuance and burn histories on-chain. The appeal is operational more than speculative—24/7 settlement, programmable interest distribution, and collateral that plugs into DeFi lending without leaving audit trails behind.
</p>
<h2 class=""articleH2"">Real estate: the hard problem</h2>
<p>
  Property tokenization stumbles over registries and local politics. Where titles are digital and liens are standardized, progress is real. Elsewhere, tokens effectively represent shares in holding companies, which can still be useful—just be honest that you’re selling equity, not land. The lesson is to match wrapper to jurisdiction, then automate as much of the cap‑table, cash flow, and disclosure as law permits.
</p>
<h2 class=""articleH2"">Risk management for issuers</h2>
<ul class=""keytakeaways"">
  <li>Publish <em>asset‑liability waterfalls</em> and default playbooks before launch.</li>
  <li>Use <em>multi‑venue custodianship</em> with periodic on‑chain attestation and auditor reports.</li>
  <li>Design <em>predictable redemption windows</em> and fees that reflect underlying liquidity.</li>
</ul>

    
      
<h2 class=""articleH2"">Tax, accounting, and the back office</h2>
<p>
  Tokenization will stall if it creates reconciliation nightmares. Issuers should publish NAV methodologies, tax treatment guides, and audit packages that map on‑chain events to off‑chain ledgers. For institutions, the killer feature is closing the books faster: machine‑readable cashflows, programmatic couponing, and statements that match what the chain already proves. When finance teams discover that month‑end takes hours instead of days, adoption jumps from pilot to policy.
</p>
<h2 class=""articleH2"">Interoperable compliance</h2>
<p>
  Compliance is not a moat if it is bespoke for each issuer. Standards for KYC credentials, transfer restrictions, and investor tiers allow wallets to carry their compliance with them. That unlocks secondary liquidity across venues without re‑papering every trade. The pattern is simple: portable identity proofs, revocation lists, and tokens that check compliance at transfer time rather than relying on venue firewalls alone.
</p>
<h2 class=""articleH2"">A pragmatic checklist for buyers</h2>
<ul class=""keytakeaways"">
  <li>Read the legal wrapper first; treat the chain as an implementation detail.</li>
  <li>Demand reporting you can verify without calling the issuer.</li>
  <li>Ask who the natural buyer is on exit day—and whether they live on the same rail.</li>
</ul>

     
    
<h2 class=""articleH2"">Tax, accounting, and the back office</h2>
<p>Tokenization will stall if it creates reconciliation nightmares. Issuers should publish NAV methodologies, tax treatment guides, and audit packages that map on‑chain events to off‑chain ledgers. For institutions, the killer feature is closing the books faster: machine‑readable cashflows, programmatic couponing, and statements that match what the chain already proves. When finance teams discover that month‑end takes hours instead of days, adoption jumps from pilot to policy.</p>
<h2 class=""articleH2"">Interoperable compliance</h2>
<p>Compliance is not a moat if it is bespoke for each issuer. Standards for KYC credentials, transfer restrictions, and investor tiers allow wallets to carry their compliance with them. That unlocks secondary liquidity across venues without re‑papering every trade. The pattern is simple: portable identity proofs, revocation lists, and tokens that check compliance at transfer time rather than relying on venue firewalls alone.</p>
<h2 class=""articleH2"">A pragmatic checklist for buyers</h2>
<ul class=""keytakeaways"">
  <li>Read the legal wrapper first; treat the chain as an implementation detail.</li>
  <li>Demand reporting you can verify without calling the issuer.</li>
  <li>Ask who the natural buyer is on exit day—and whether they live on the same rail.</li>
</ul>
<footer class=""foot"">
        This article is an opinion piece intended for educational purposes and should not be construed as investment advice.
</footer>
    </article>
  </main>",true,2025-08-24 00:00:00+00,,,,2025-08-24 00:00:00+00,2025-08-24 00:00:00+00,false,
41,Test Update Local 2,bitcoin-dead-opinion,Opinions,Cointist,/uploads/test.png,/uploads/test-thumb.png,,"[""test""]",,,,x,<p>test</p>,true,2025-08-25 10:11:28.541+00,,,,2025-08-25 09:44:15.401405+00,2025-08-25 09:44:15.401405+00,false,